{"model":{"version":2,"nodes":[{"name":"RootNode","position":[0,0,0],"rotation":[0,0,0],"scale":[1,1,1]},{"name":"Plane004","position":[0,-1.159e-07,0],"rotation":[-135,90,0],"scale":[0.0254,0.0254,0.0254]},{"name":"Bone001","position":[-3.49851e-10,0,0],"rotation":[180,90,0],"scale":[2.54e-07,2.54e-07,2.54e-07]}],"parents":[-1,0,0],"skins":[{"inverseBindMatrices":[[7.2793e-06,2.97236e-06,-39.3701,0,-9.4022e-29,-39.3701,-2.97236e-06,0,-39.3701,5.49572e-13,-7.2793e-06,0,2.54667e-15,1.03988e-15,-1.37736e-08,1]],"boneNames":["Bone001"]}],"vertices":[{"position":{"type":"float32","components":3,"data":[0.846415,0.846415,-0.00973195,0.846415,0.846415,-2.62487,-0.846414,-0.846415,-2.62487,-0.846414,-0.846415,-0.00973197,1.44625e-07,1.19701,-0.00973196,1.07297e-07,1.19701,-2.62487,6.40445e-07,-1.19701,-2.62487,6.77774e-07,-1.19701,-0.00973196,-0.846415,0.846414,-0.00973197,-0.846415,0.846414,-2.62487,0.846416,-0.846415,-2.62487,0.846416,-0.846415,-0.00973195,-1.19701,-5.19502e-07,-0.00973198,-1.19701,-5.88016e-07,-2.62487,1.19701,2.19188e-07,-2.62487,1.19701,2.87702e-07,-0.00973195]},"normal":{"type":"float32","components":3,"data":[-0.707107,0.707107,-5.78997e-09,-0.707107,0.707107,-5.78997e-09,-0.707107,0.707107,-5.78997e-09,-0.707107,0.707107,-5.78997e-09,-1,-2.10734e-07,-1.19249e-08,-1,-2.10734e-07,-1.19249e-08,-1,-2.10734e-07,-1.19249e-08,-1,-2.10734e-07,-1.19249e-08,-0.707107,-0.707107,-5.78997e-09,-0.707107,-0.707107,-5.78996e-09,-0.707107,-0.707107,-5.78996e-09,-0.707107,-0.707107,-5.78997e-09,3.37175e-07,-1,4.02077e-15,3.37175e-07,-1,4.02077e-15,3.37175e-07,-1,4.02077e-15,3.37175e-07,-1,4.02077e-15]},"blendIndices":{"type":"uint8","components":4,"data":[0,0,0,0,0,0,0,0,0,0,0,0,0,0,0,0,0,0,0,0,0,0,0,0,0,0,0,0,0,0,0,0,0,0,0,0,0,0,0,0,0,0,0,0,0,0,0,0,0,0,0,0,0,0,0,0,0,0,0,0,0,0,0,0]},"blendWeight":{"type":"float32","components":4,"data":[1,0,0,0,1,0,0,0,1,0,0,0,1,0,0,0,1,0,0,0,1,0,0,0,1,0,0,0,1,0,0,0,1,0,0,0,1,0,0,0,1,0,0,0,1,0,0,0,1,0,0,0,1,0,0,0,1,0,0,0,1,0,0,0]},"texCoord0":{"type":"float32","components":2,"data":[0,0,1,0,1,1,0,1,0,0,1,0,1,1,0,1,0,0,1,0,1,1,0,1,0,0,1,0,1,1,0,1]}}],"meshes":[{"aabb":{"min":[-1.19701,-1.19701,-2.62487],"max":[1.19701,1.19701,1.17549e-38]},"vertices":0,"skin":0,"indices":[0,1,2,2,3,0,4,5,6,6,7,4,8,9,10,10,11,8,12,13,14,14,15,12],"type":"triangles","base":0,"count":24}],"meshInstances":[{"node":1,"mesh":0}]}}