{"animation":{"version":4,"name":"Take 001","duration":0.133333,"nodes":[{"name":"Bone001","defaults":{"p":[-3.49851e-10,0,0],"r":[180,90,0]},"keys":[{"t":0,"s":[2.54e-07,2.54e-07,2.54e-07]},{"t":0.1,"s":[0.00658612,0.00658612,0.00658612]},{"t":0.133333,"s":[2.54e-07,2.54e-07,2.54e-07]}]}]}}