{
  "resources": [
    "../assets/audio/audiosprite.mp3",
    "../assets/audio/audiosprite.ogg"
  ],
  "spritemap": {
    "add_time": {
      "start": 0,
      "end": 2.1904535147392292,
      "loop": false
    },
    "ball_hit": {
      "start": 4,
      "end": 4.116712018140589,
      "loop": false
    },
    "click_btn": {
      "start": 6,
      "end": 6.172335600907029,
      "loop": false
    },
    "combo": {
      "start": 8,
      "end": 9.987687074829932,
      "loop": false
    },
    "combo2": {
      "start": 11,
      "end": 12.987687074829932,
      "loop": false
    },
    "cue_hit": {
      "start": 14,
      "end": 14.166734693877551,
      "loop": false
    },
    "cushion_hit": {
      "start": 16,
      "end": 16.184149659863944,
      "loop": false
    },
    "gift_card_swish": {
      "start": 18,
      "end": 18.17312925170068,
      "loop": false
    },
    "gift_opens": {
      "start": 20,
      "end": 21.959183673469386,
      "loop": false
    },
    "intro_title": {
      "start": 23,
      "end": 29.18394557823129,
      "loop": false
    },
    "lose_points": {
      "start": 31,
      "end": 31.848798185941043,
      "loop": false
    },
    "lose": {
      "start": 33,
      "end": 35.51081632653061,
      "loop": false
    },
    "pocket": {
      "start": 37,
      "end": 37.9043537414966,
      "loop": false
    },
    "soundtrack": {
      "start": 39,
      "end": 88.47591836734694,
      "loop": true
    },
    "win": {
      "start": 90,
      "end": 93.08848072562358,
      "loop": false
    }
  }
}