{"model":{"version":2,"nodes":[{"name":"RootNode","position":[0,0,0],"rotation":[0,0,0],"scale":[1,1,1]},{"name":"Sphere001","position":[0,0,2.25101e-10],"rotation":[9.33467e-06,-0,0],"scale":[0.0254,0.0254,0.0254]}],"parents":[-1,0],"skins":[],"vertices":[{"position":{"type":"float32","components":3,"data":[-1.11215e-06,3.03305e-06,53.4734,-9.28044e-07,19.8204,21.2312,-14.0152,14.0152,21.2312,-1.11215e-06,3.03305e-06,53.4734,-19.8204,-1.56459e-06,21.2312,-1.11215e-06,3.03305e-06,53.4734,-14.0152,-14.0152,21.2312,-1.11215e-06,3.03305e-06,53.4734,1.74693e-07,-19.8205,21.2312,-1.11215e-06,3.03305e-06,53.4734,14.0152,-14.0152,21.2312,-1.11215e-06,3.03305e-06,53.4734,19.8205,-5.81744e-06,21.2312,-1.11215e-06,3.03305e-06,53.4734,14.0152,14.0152,21.2312,-1.11215e-06,3.03305e-06,53.4734,-9.28044e-07,19.8204,21.2312,-8.36529e-07,24.478,-3.26666,-17.3085,17.3085,-3.26666,-24.478,-2.98258e-06,-3.26666,-17.3085,-17.3086,-3.26666,5.25334e-07,-24.478,-3.26666,17.3085,-17.3086,-3.26666,24.478,-8.2348e-06,-3.26666,17.3086,17.3085,-3.26666,-8.36529e-07,24.478,-3.26666,-14.0152,14.0152,-19.8205,-8.66379e-07,19.8205,-19.8205,-19.8205,-1.73276e-06,-19.8205,-14.0152,-14.0152,-19.8205,2.36357e-07,-19.8205,-19.8205,14.0152,-14.0152,-19.8205,19.8205,-5.98561e-06,-19.8205,14.0152,14.0152,-19.8205,-8.66379e-07,19.8205,-19.8205,0,0,-28.0304,0,0,-28.0304,0,0,-28.0304,0,0,-28.0304,0,0,-28.0304,0,0,-28.0304,0,0,-28.0304,0,0,-28.0304]},"normal":{"type":"float32","components":3,"data":[-1.30846e-07,2.99078e-07,1,7.54148e-08,0.937822,0.347118,-0.66314,0.66314,0.347118,-1.30846e-07,2.99078e-07,1,-0.937822,-1.07735e-07,0.347118,-1.30846e-07,2.99078e-07,1,-0.66314,-0.66314,0.347118,-1.30846e-07,2.99078e-07,1,-1.07735e-08,-0.937821,0.347118,-1.30846e-07,2.99078e-07,1,0.66314,-0.66314,0.347118,-1.30846e-07,2.99078e-07,1,0.937821,-2.69339e-07,0.347118,-1.30846e-07,2.99078e-07,1,0.66314,0.66314,0.347118,-1.30846e-07,2.99078e-07,1,7.54148e-08,0.937822,0.347118,1.0015e-07,0.999161,-0.0409554,-0.706514,0.706513,-0.0409553,-0.999161,-1.0015e-07,-0.0409554,-0.706513,-0.706514,-0.0409554,1.11277e-08,-0.999161,-0.0409554,0.706513,-0.706514,-0.0409554,0.999161,-3.00449e-07,-0.0409554,0.706514,0.706513,-0.0409554,1.0015e-07,0.999161,-0.0409554,-0.557504,0.557504,-0.615124,9.01645e-08,0.78843,-0.615125,-0.78843,-6.61206e-08,-0.615125,-0.557504,-0.557504,-0.615124,-2.40439e-08,-0.78843,-0.615125,0.557504,-0.557504,-0.615125,0.78843,-2.13389e-07,-0.615124,0.557504,0.557504,-0.615124,9.01645e-08,0.78843,-0.615125,-1.69463e-08,5.64878e-09,-1,-1.69463e-08,5.64878e-09,-1,-1.69463e-08,5.64878e-09,-1,-1.69463e-08,5.64878e-09,-1,-1.69463e-08,5.64878e-09,-1,-1.69463e-08,5.64878e-09,-1,-1.69463e-08,5.64878e-09,-1,-1.69463e-08,5.64878e-09,-1]},"texCoord0":{"type":"float32","components":2,"data":[1,0,1,0.496091,0.875,0.496091,0.875,0,0.75,0.496091,0.75,0,0.625,0.496091,0.625,5.96046e-08,0.5,0.496091,0.5,5.96046e-08,0.375,0.496091,0.375,5.96046e-08,0.25,0.496091,0.25,5.96046e-08,0.125,0.496091,0.125,5.96046e-08,0,0.496091,1,0.705967,0.875,0.705967,0.75,0.705967,0.625,0.705967,0.5,0.705967,0.375,0.705967,0.25,0.705967,0.125,0.705967,0,0.705967,0.875,0.814198,1,0.814198,0.75,0.814198,0.625,0.814198,0.5,0.814198,0.375,0.814198,0.25,0.814198,0.125,0.814198,5.96046e-08,0.814198,1,1,0.875,1,0.75,1,0.625,1,0.5,1,0.375,1,0.25,1,0.125,1]}}],"meshes":[{"aabb":{"min":[-24.478,-24.478,-28.0304],"max":[24.478,24.478,53.4734]},"vertices":0,"indices":[0,1,2,3,2,4,5,4,6,7,6,8,9,8,10,11,10,12,13,12,14,15,14,16,17,2,1,2,17,18,19,4,2,2,18,19,19,6,4,6,19,20,21,8,6,6,20,21,21,10,8,10,21,22,23,12,10,10,22,23,23,14,12,14,23,24,25,16,14,14,24,25,18,17,26,17,27,26,19,26,28,26,19,18,20,19,29,19,28,29,21,29,30,29,21,20,22,21,31,21,30,31,23,31,32,31,23,22,24,23,33,23,32,33,25,33,34,33,25,24,35,26,27,36,28,26,37,29,28,38,30,29,39,31,30,40,32,31,41,33,32,42,34,33],"type":"triangles","base":0,"count":144}],"meshInstances":[{"node":1,"mesh":0}]}}